"Benchmark","Mode","Threads","Samples","Score","Score Error (99.9%)","Unit","Param: depth","Param: n"
"okay.core.BindBenchmark.leftBinds","avgt",1,10,56.727156,0.796530,"us/op",,10000
"okay.core.BindBenchmark.leftBinds:gc.alloc.rate","avgt",1,10,13414.934753,189.336729,"MB/sec",,10000
"okay.core.BindBenchmark.leftBinds:gc.alloc.rate.norm","avgt",1,10,797992.397757,0.007075,"B/op",,10000
"okay.core.BindBenchmark.leftBinds:gc.count","avgt",1,10,210.000000,NaN,"counts",,10000
"okay.core.BindBenchmark.leftBinds:gc.time","avgt",1,10,91.000000,NaN,"ms",,10000
"okay.core.BindBenchmark.leftMaps","avgt",1,10,61.995466,4.957633,"us/op",,10000
"okay.core.BindBenchmark.leftMaps:gc.alloc.rate","avgt",1,10,12307.398578,1059.081307,"MB/sec",,10000
"okay.core.BindBenchmark.leftMaps:gc.alloc.rate.norm","avgt",1,10,798000.435855,0.036509,"B/op",,10000
"okay.core.BindBenchmark.leftMaps:gc.count","avgt",1,10,206.000000,NaN,"counts",,10000
"okay.core.BindBenchmark.leftMaps:gc.time","avgt",1,10,91.000000,NaN,"ms",,10000
"okay.core.BindBenchmark.rightMaps","avgt",1,10,79.488828,0.556192,"us/op",,10000
"okay.core.BindBenchmark.rightMaps:gc.alloc.rate","avgt",1,10,14371.647165,100.083766,"MB/sec",,10000
"okay.core.BindBenchmark.rightMaps:gc.alloc.rate.norm","avgt",1,10,1198000.557532,0.003804,"B/op",,10000
"okay.core.BindBenchmark.rightMaps:gc.count","avgt",1,10,240.000000,NaN,"counts",,10000
"okay.core.BindBenchmark.rightMaps:gc.time","avgt",1,10,100.000000,NaN,"ms",,10000
"okay.core.BindBenchmark.tailcallDelay","avgt",1,10,22.851811,0.285817,"us/op",,10000
"okay.core.BindBenchmark.tailcallDelay:gc.alloc.rate","avgt",1,10,16693.440540,206.614117,"MB/sec",,10000
"okay.core.BindBenchmark.tailcallDelay:gc.alloc.rate.norm","avgt",1,10,400032.160249,0.001745,"B/op",,10000
"okay.core.BindBenchmark.tailcallDelay:gc.count","avgt",1,10,279.000000,NaN,"counts",,10000
"okay.core.BindBenchmark.tailcallDelay:gc.time","avgt",1,10,101.000000,NaN,"ms",,10000
"okay.core.ContBenchmark.tailcallForwarded","avgt",1,10,116.045217,1.079936,"us/op",,10000
"okay.core.ContBenchmark.tailcallForwarded:gc.alloc.rate","avgt",1,10,11160.669021,104.173423,"MB/sec",,10000
"okay.core.ContBenchmark.tailcallForwarded:gc.alloc.rate.norm","avgt",1,10,1358181.753832,15.746701,"B/op",,10000
"okay.core.ContBenchmark.tailcallForwarded:gc.count","avgt",1,10,187.000000,NaN,"counts",,10000
"okay.core.ContBenchmark.tailcallForwarded:gc.time","avgt",1,10,70.000000,NaN,"ms",,10000
"okay.core.ContBenchmark.tailcallHandled","avgt",1,10,62.150582,0.526104,"us/op",,10000
"okay.core.ContBenchmark.tailcallHandled:gc.alloc.rate","avgt",1,10,13472.953411,113.460837,"MB/sec",,10000
"okay.core.ContBenchmark.tailcallHandled:gc.alloc.rate.norm","avgt",1,10,878115.500867,23.458200,"B/op",,10000
"okay.core.ContBenchmark.tailcallHandled:gc.count","avgt",1,10,226.000000,NaN,"counts",,10000
"okay.core.ContBenchmark.tailcallHandled:gc.time","avgt",1,10,82.000000,NaN,"ms",,10000
"okay.core.ContBenchmark.tailcallHandledGeneral","avgt",1,10,90.187698,1.440501,"us/op",,10000
"okay.core.ContBenchmark.tailcallHandledGeneral:gc.alloc.rate","avgt",1,10,16052.676157,256.889555,"MB/sec",,10000
"okay.core.ContBenchmark.tailcallHandledGeneral:gc.alloc.rate.norm","avgt",1,10,1518111.749178,23.021231,"B/op",,10000
"okay.core.ContBenchmark.tailcallHandledGeneral:gc.count","avgt",1,10,270.000000,NaN,"counts",,10000
"okay.core.ContBenchmark.tailcallHandledGeneral:gc.time","avgt",1,10,98.000000,NaN,"ms",,10000
"okay.core.ContBenchmark.tailcallPure","avgt",1,10,35.059465,0.252540,"us/op",,10000
"okay.core.ContBenchmark.tailcallPure:gc.alloc.rate","avgt",1,10,17408.113470,125.102424,"MB/sec",,10000
"okay.core.ContBenchmark.tailcallPure:gc.alloc.rate.norm","avgt",1,10,640032.246063,0.002773,"B/op",,10000
"okay.core.ContBenchmark.tailcallPure:gc.count","avgt",1,10,291.000000,NaN,"counts",,10000
"okay.core.ContBenchmark.tailcallPure:gc.time","avgt",1,10,103.000000,NaN,"ms",,10000
"okay.core.DepthBenchmark.forwardedDepth","avgt",1,10,43.934354,0.506234,"us/op",0,10000
"okay.core.DepthBenchmark.forwardedDepth:gc.alloc.rate","avgt",1,10,15631.077167,179.979081,"MB/sec",0,10000
"okay.core.DepthBenchmark.forwardedDepth:gc.alloc.rate.norm","avgt",1,10,720156.624558,24.071491,"B/op",0,10000
"okay.core.DepthBenchmark.forwardedDepth:gc.count","avgt",1,10,262.000000,NaN,"counts",0,10000
"okay.core.DepthBenchmark.forwardedDepth:gc.time","avgt",1,10,97.000000,NaN,"ms",0,10000
"okay.core.DepthBenchmark.forwardedDepth","avgt",1,10,89.658722,2.249194,"us/op",1,10000
"okay.core.DepthBenchmark.forwardedDepth:gc.alloc.rate","avgt",1,10,12768.467928,311.022435,"MB/sec",1,10000
"okay.core.DepthBenchmark.forwardedDepth:gc.alloc.rate.norm","avgt",1,10,1200272.627942,0.014790,"B/op",1,10000
"okay.core.DepthBenchmark.forwardedDepth:gc.count","avgt",1,10,214.000000,NaN,"counts",1,10000
"okay.core.DepthBenchmark.forwardedDepth:gc.time","avgt",1,10,79.000000,NaN,"ms",1,10000
"okay.core.DepthBenchmark.forwardedDepth","avgt",1,10,221.913318,3.059135,"us/op",4,10000
"okay.core.DepthBenchmark.forwardedDepth:gc.alloc.rate","avgt",1,10,11347.518232,154.702006,"MB/sec",4,10000
"okay.core.DepthBenchmark.forwardedDepth:gc.alloc.rate.norm","avgt",1,10,2640609.555231,0.018614,"B/op",4,10000
"okay.core.DepthBenchmark.forwardedDepth:gc.count","avgt",1,10,190.000000,NaN,"counts",4,10000
"okay.core.DepthBenchmark.forwardedDepth:gc.time","avgt",1,10,71.000000,NaN,"ms",4,10000
"okay.core.DepthBenchmark.forwardedDepth","avgt",1,10,898.864594,9.336387,"us/op",16,10000
"okay.core.DepthBenchmark.forwardedDepth:gc.alloc.rate","avgt",1,10,8913.447909,92.246898,"MB/sec",16,10000
"okay.core.DepthBenchmark.forwardedDepth:gc.alloc.rate.norm","avgt",1,10,8401834.682973,121.250236,"B/op",16,10000
"okay.core.DepthBenchmark.forwardedDepth:gc.count","avgt",1,10,180.000000,NaN,"counts",16,10000
"okay.core.DepthBenchmark.forwardedDepth:gc.time","avgt",1,10,69.000000,NaN,"ms",16,10000
"okay.core.FibBenchmark.fibCollect","avgt",1,10,121.772626,1.138454,"us/op",,10000
"okay.core.FibBenchmark.fibCollect:gc.alloc.rate","avgt",1,10,12527.527737,116.866221,"MB/sec",,10000
"okay.core.FibBenchmark.fibCollect:gc.alloc.rate.norm","avgt",1,10,1599754.245489,4.432694,"B/op",,10000
"okay.core.FibBenchmark.fibCollect:gc.count","avgt",1,10,210.000000,NaN,"counts",,10000
"okay.core.FibBenchmark.fibCollect:gc.time","avgt",1,10,109.000000,NaN,"ms",,10000
"okay.core.FibBenchmark.fibGenerate","avgt",1,10,156.468534,1.985694,"us/op",,10000
"okay.core.FibBenchmark.fibGenerate:gc.alloc.rate","avgt",1,10,13650.735016,172.168986,"MB/sec",,10000
"okay.core.FibBenchmark.fibGenerate:gc.alloc.rate.norm","avgt",1,10,2239793.096134,0.015946,"B/op",,10000
"okay.core.FibBenchmark.fibGenerate:gc.count","avgt",1,10,229.000000,NaN,"counts",,10000
"okay.core.FibBenchmark.fibGenerate:gc.time","avgt",1,10,83.000000,NaN,"ms",,10000
"okay.core.FibBenchmark.fibIterator","avgt",1,10,81.592847,1.207589,"us/op",,10000
"okay.core.FibBenchmark.fibIterator:gc.alloc.rate","avgt",1,10,11212.216060,165.408167,"MB/sec",,10000
"okay.core.FibBenchmark.fibIterator:gc.alloc.rate.norm","avgt",1,10,959312.610436,0.123472,"B/op",,10000
"okay.core.FibBenchmark.fibIterator:gc.count","avgt",1,10,189.000000,NaN,"counts",,10000
"okay.core.FibBenchmark.fibIterator:gc.time","avgt",1,10,71.000000,NaN,"ms",,10000
"okay.core.FibBenchmark.fibPure","avgt",1,10,42.044947,0.518162,"us/op",,10000
"okay.core.FibBenchmark.fibPure:gc.alloc.rate","avgt",1,10,19960.386311,242.955761,"MB/sec",,10000
"okay.core.FibBenchmark.fibPure:gc.alloc.rate.norm","avgt",1,10,880056.296038,0.003840,"B/op",,10000
"okay.core.FibBenchmark.fibPure:gc.count","avgt",1,10,316.000000,NaN,"counts",,10000
"okay.core.FibBenchmark.fibPure:gc.time","avgt",1,10,113.000000,NaN,"ms",,10000
