"Benchmark","Mode","Threads","Samples","Score","Score Error (99.9%)","Unit","Param: depth","Param: n","Param: shots","Param: size"
"okay.core.BindBenchmark.leftBinds","avgt",1,10,58.557784,3.248162,"us/op",,10000,,
"okay.core.BindBenchmark.leftBinds:gc.alloc.rate","avgt",1,10,13009.016407,682.354379,"MB/sec",,10000,,
"okay.core.BindBenchmark.leftBinds:gc.alloc.rate.norm","avgt",1,10,797992.412733,0.021910,"B/op",,10000,,
"okay.core.BindBenchmark.leftBinds:gc.count","avgt",1,10,175.000000,NaN,"counts",,10000,,
"okay.core.BindBenchmark.leftBinds:gc.time","avgt",1,10,114.000000,NaN,"ms",,10000,,
"okay.core.BindBenchmark.leftMaps","avgt",1,10,48.747100,7.005012,"us/op",,10000,,
"okay.core.BindBenchmark.leftMaps:gc.alloc.rate","avgt",1,10,12604.158859,1840.689485,"MB/sec",,10000,,
"okay.core.BindBenchmark.leftMaps:gc.alloc.rate.norm","avgt",1,10,639040.343834,0.051018,"B/op",,10000,,
"okay.core.BindBenchmark.leftMaps:gc.count","avgt",1,10,205.000000,NaN,"counts",,10000,,
"okay.core.BindBenchmark.leftMaps:gc.time","avgt",1,10,101.000000,NaN,"ms",,10000,,
"okay.core.BindBenchmark.rightMaps","avgt",1,10,65.378515,4.194004,"us/op",,10000,,
"okay.core.BindBenchmark.rightMaps:gc.alloc.rate","avgt",1,10,15178.251626,940.714690,"MB/sec",,10000,,
"okay.core.BindBenchmark.rightMaps:gc.alloc.rate.norm","avgt",1,10,1039040.460969,0.030088,"B/op",,10000,,
"okay.core.BindBenchmark.rightMaps:gc.count","avgt",1,10,229.000000,NaN,"counts",,10000,,
"okay.core.BindBenchmark.rightMaps:gc.time","avgt",1,10,141.000000,NaN,"ms",,10000,,
"okay.core.BindBenchmark.tailcallDelay","avgt",1,10,23.500255,1.482608,"us/op",,10000,,
"okay.core.BindBenchmark.tailcallDelay:gc.alloc.rate","avgt",1,10,16255.611736,965.320171,"MB/sec",,10000,,
"okay.core.BindBenchmark.tailcallDelay:gc.alloc.rate.norm","avgt",1,10,400032.164773,0.010350,"B/op",,10000,,
"okay.core.BindBenchmark.tailcallDelay:gc.count","avgt",1,10,234.000000,NaN,"counts",,10000,,
"okay.core.BindBenchmark.tailcallDelay:gc.time","avgt",1,10,119.000000,NaN,"ms",,10000,,
"okay.core.CaptureBenchmark.captureDepth","avgt",1,10,0.037076,0.000347,"us/op",1,,1,
"okay.core.CaptureBenchmark.captureDepth:gc.alloc.rate","avgt",1,10,13579.740631,126.809899,"MB/sec",1,,1,
"okay.core.CaptureBenchmark.captureDepth:gc.alloc.rate.norm","avgt",1,10,528.000260,0.000003,"B/op",1,,1,
"okay.core.CaptureBenchmark.captureDepth:gc.count","avgt",1,10,228.000000,NaN,"counts",1,,1,
"okay.core.CaptureBenchmark.captureDepth:gc.time","avgt",1,10,84.000000,NaN,"ms",1,,1,
"okay.core.CaptureBenchmark.captureDepth","avgt",1,10,0.138343,0.004696,"us/op",1,,8,
"okay.core.CaptureBenchmark.captureDepth:gc.alloc.rate","avgt",1,10,12908.852012,448.117112,"MB/sec",1,,8,
"okay.core.CaptureBenchmark.captureDepth:gc.alloc.rate.norm","avgt",1,10,1872.000968,0.000033,"B/op",1,,8,
"okay.core.CaptureBenchmark.captureDepth:gc.count","avgt",1,10,216.000000,NaN,"counts",1,,8,
"okay.core.CaptureBenchmark.captureDepth:gc.time","avgt",1,10,98.000000,NaN,"ms",1,,8,
"okay.core.CaptureBenchmark.captureDepth","avgt",1,10,0.128608,0.005070,"us/op",16,,1,
"okay.core.CaptureBenchmark.captureDepth:gc.alloc.rate","avgt",1,10,10089.545899,395.329676,"MB/sec",16,,1,
"okay.core.CaptureBenchmark.captureDepth:gc.alloc.rate.norm","avgt",1,10,1360.000903,0.000036,"B/op",16,,1,
"okay.core.CaptureBenchmark.captureDepth:gc.count","avgt",1,10,146.000000,NaN,"counts",16,,1,
"okay.core.CaptureBenchmark.captureDepth:gc.time","avgt",1,10,119.000000,NaN,"ms",16,,1,
"okay.core.CaptureBenchmark.captureDepth","avgt",1,10,0.442125,0.025054,"us/op",16,,8,
"okay.core.CaptureBenchmark.captureDepth:gc.alloc.rate","avgt",1,10,7566.536734,416.400150,"MB/sec",16,,8,
"okay.core.CaptureBenchmark.captureDepth:gc.alloc.rate.norm","avgt",1,10,3504.003094,0.000177,"B/op",16,,8,
"okay.core.CaptureBenchmark.captureDepth:gc.count","avgt",1,10,152.000000,NaN,"counts",16,,8,
"okay.core.CaptureBenchmark.captureDepth:gc.time","avgt",1,10,63.000000,NaN,"ms",16,,8,
"okay.core.CaptureBenchmark.captureDepth","avgt",1,10,1.525429,0.012149,"us/op",256,,1,
"okay.core.CaptureBenchmark.captureDepth:gc.alloc.rate","avgt",1,10,10562.006428,83.984730,"MB/sec",256,,1,
"okay.core.CaptureBenchmark.captureDepth:gc.alloc.rate.norm","avgt",1,10,16896.010673,0.000086,"B/op",256,,1,
"okay.core.CaptureBenchmark.captureDepth:gc.count","avgt",1,10,177.000000,NaN,"counts",256,,1,
"okay.core.CaptureBenchmark.captureDepth:gc.time","avgt",1,10,71.000000,NaN,"ms",256,,1,
"okay.core.CaptureBenchmark.captureDepth","avgt",1,10,6.287721,0.047215,"us/op",256,,8,
"okay.core.CaptureBenchmark.captureDepth:gc.alloc.rate","avgt",1,10,7131.557816,53.803592,"MB/sec",256,,8,
"okay.core.CaptureBenchmark.captureDepth:gc.alloc.rate.norm","avgt",1,10,47024.044082,0.000301,"B/op",256,,8,
"okay.core.CaptureBenchmark.captureDepth:gc.count","avgt",1,10,144.000000,NaN,"counts",256,,8,
"okay.core.CaptureBenchmark.captureDepth:gc.time","avgt",1,10,58.000000,NaN,"ms",256,,8,
"okay.core.ContBenchmark.tailcallForwarded","avgt",1,10,121.803107,4.083579,"us/op",,10000,,
"okay.core.ContBenchmark.tailcallForwarded:gc.alloc.rate","avgt",1,10,10637.028762,349.906992,"MB/sec",,10000,,
"okay.core.ContBenchmark.tailcallForwarded:gc.alloc.rate.norm","avgt",1,10,1358147.845321,10.034029,"B/op",,10000,,
"okay.core.ContBenchmark.tailcallForwarded:gc.count","avgt",1,10,162.000000,NaN,"counts",,10000,,
"okay.core.ContBenchmark.tailcallForwarded:gc.time","avgt",1,10,93.000000,NaN,"ms",,10000,,
"okay.core.ContBenchmark.tailcallHandled","avgt",1,10,58.070204,2.017388,"us/op",,10000,,
"okay.core.ContBenchmark.tailcallHandled:gc.alloc.rate","avgt",1,10,14425.637939,499.177976,"MB/sec",,10000,,
"okay.core.ContBenchmark.tailcallHandled:gc.alloc.rate.norm","avgt",1,10,878098.230866,20.135809,"B/op",,10000,,
"okay.core.ContBenchmark.tailcallHandled:gc.count","avgt",1,10,198.000000,NaN,"counts",,10000,,
"okay.core.ContBenchmark.tailcallHandled:gc.time","avgt",1,10,101.000000,NaN,"ms",,10000,,
"okay.core.ContBenchmark.tailcallHandledGeneral","avgt",1,10,91.917230,3.939858,"us/op",,10000,,
"okay.core.ContBenchmark.tailcallHandledGeneral:gc.alloc.rate","avgt",1,10,15760.021367,682.708682,"MB/sec",,10000,,
"okay.core.ContBenchmark.tailcallHandledGeneral:gc.alloc.rate.norm","avgt",1,10,1518094.111809,24.205525,"B/op",,10000,,
"okay.core.ContBenchmark.tailcallHandledGeneral:gc.count","avgt",1,10,235.000000,NaN,"counts",,10000,,
"okay.core.ContBenchmark.tailcallHandledGeneral:gc.time","avgt",1,10,99.000000,NaN,"ms",,10000,,
"okay.core.ContBenchmark.tailcallPure","avgt",1,10,35.557941,1.360125,"us/op",,10000,,
"okay.core.ContBenchmark.tailcallPure:gc.alloc.rate","avgt",1,10,17173.394606,638.506851,"MB/sec",,10000,,
"okay.core.ContBenchmark.tailcallPure:gc.alloc.rate.norm","avgt",1,10,640032.250835,0.010926,"B/op",,10000,,
"okay.core.ContBenchmark.tailcallPure:gc.count","avgt",1,10,271.000000,NaN,"counts",,10000,,
"okay.core.ContBenchmark.tailcallPure:gc.time","avgt",1,10,100.000000,NaN,"ms",,10000,,
"okay.core.DepthBenchmark.forwardedDepth","avgt",1,10,45.166677,2.068245,"us/op",0,10000,,
"okay.core.DepthBenchmark.forwardedDepth:gc.alloc.rate","avgt",1,10,15215.483001,668.279643,"MB/sec",0,10000,,
"okay.core.DepthBenchmark.forwardedDepth:gc.alloc.rate.norm","avgt",1,10,720141.656807,23.674475,"B/op",0,10000,,
"okay.core.DepthBenchmark.forwardedDepth:gc.count","avgt",1,10,211.000000,NaN,"counts",0,10000,,
"okay.core.DepthBenchmark.forwardedDepth:gc.time","avgt",1,10,117.000000,NaN,"ms",0,10000,,
"okay.core.DepthBenchmark.forwardedDepth","avgt",1,10,96.108950,5.252438,"us/op",1,10000,,
"okay.core.DepthBenchmark.forwardedDepth:gc.alloc.rate","avgt",1,10,11922.129129,643.903341,"MB/sec",1,10000,,
"okay.core.DepthBenchmark.forwardedDepth:gc.alloc.rate.norm","avgt",1,10,1200235.871182,5.878832,"B/op",1,10000,,
"okay.core.DepthBenchmark.forwardedDepth:gc.count","avgt",1,10,161.000000,NaN,"counts",1,10000,,
"okay.core.DepthBenchmark.forwardedDepth:gc.time","avgt",1,10,74.000000,NaN,"ms",1,10000,,
"okay.core.DepthBenchmark.forwardedDepth","avgt",1,10,231.100796,32.168108,"us/op",4,10000,,
"okay.core.DepthBenchmark.forwardedDepth:gc.alloc.rate","avgt",1,10,10963.012367,1277.174528,"MB/sec",4,10000,,
"okay.core.DepthBenchmark.forwardedDepth:gc.alloc.rate.norm","avgt",1,10,2640529.624651,0.224452,"B/op",4,10000,,
"okay.core.DepthBenchmark.forwardedDepth:gc.count","avgt",1,10,183.000000,NaN,"counts",4,10000,,
"okay.core.DepthBenchmark.forwardedDepth:gc.time","avgt",1,10,89.000000,NaN,"ms",4,10000,,
"okay.core.DepthBenchmark.forwardedDepth","avgt",1,10,865.738889,37.555041,"us/op",16,10000,,
"okay.core.DepthBenchmark.forwardedDepth:gc.alloc.rate","avgt",1,10,9260.396393,403.813818,"MB/sec",16,10000,,
"okay.core.DepthBenchmark.forwardedDepth:gc.alloc.rate.norm","avgt",1,10,8401531.579060,101.064408,"B/op",16,10000,,
"okay.core.DepthBenchmark.forwardedDepth:gc.count","avgt",1,10,155.000000,NaN,"counts",16,10000,,
"okay.core.DepthBenchmark.forwardedDepth:gc.time","avgt",1,10,74.000000,NaN,"ms",16,10000,,
"okay.core.EffectsBenchmark.chooseAmong","avgt",1,10,32.542818,7.254688,"us/op",,1000,,
"okay.core.EffectsBenchmark.chooseAmong:gc.alloc.rate","avgt",1,10,11715.393583,2090.572713,"MB/sec",,1000,,
"okay.core.EffectsBenchmark.chooseAmong:gc.alloc.rate.norm","avgt",1,10,393630.111182,16.611665,"B/op",,1000,,
"okay.core.EffectsBenchmark.chooseAmong:gc.count","avgt",1,10,161.000000,NaN,"counts",,1000,,
"okay.core.EffectsBenchmark.chooseAmong:gc.time","avgt",1,10,93.000000,NaN,"ms",,1000,,
"okay.core.EffectsBenchmark.stateGetPut","avgt",1,10,15.689583,0.262788,"us/op",,1000,,
"okay.core.EffectsBenchmark.stateGetPut:gc.alloc.rate","avgt",1,10,13023.110405,216.927477,"MB/sec",,1000,,
"okay.core.EffectsBenchmark.stateGetPut:gc.alloc.rate.norm","avgt",1,10,214256.110190,0.002100,"B/op",,1000,,
"okay.core.EffectsBenchmark.stateGetPut:gc.count","avgt",1,10,219.000000,NaN,"counts",,1000,,
"okay.core.EffectsBenchmark.stateGetPut:gc.time","avgt",1,10,84.000000,NaN,"ms",,1000,,
"okay.core.EffectsBenchmark.stateGetPutBang","avgt",1,10,17.900480,0.628151,"us/op",,1000,,
"okay.core.EffectsBenchmark.stateGetPutBang:gc.alloc.rate","avgt",1,10,10567.783431,371.699443,"MB/sec",,1000,,
"okay.core.EffectsBenchmark.stateGetPutBang:gc.alloc.rate.norm","avgt",1,10,198288.125737,0.004347,"B/op",,1000,,
"okay.core.EffectsBenchmark.stateGetPutBang:gc.count","avgt",1,10,178.000000,NaN,"counts",,1000,,
"okay.core.EffectsBenchmark.stateGetPutBang:gc.time","avgt",1,10,78.000000,NaN,"ms",,1000,,
"okay.core.EffectsBenchmark.throwsRaise","avgt",1,10,16.147894,4.583127,"us/op",,1000,,
"okay.core.EffectsBenchmark.throwsRaise:gc.alloc.rate","avgt",1,10,11642.581584,2748.745815,"MB/sec",,1000,,
"okay.core.EffectsBenchmark.throwsRaise:gc.alloc.rate.norm","avgt",1,10,192064.113181,0.032055,"B/op",,1000,,
"okay.core.EffectsBenchmark.throwsRaise:gc.count","avgt",1,10,169.000000,NaN,"counts",,1000,,
"okay.core.EffectsBenchmark.throwsRaise:gc.time","avgt",1,10,322.000000,NaN,"ms",,1000,,
"okay.core.EffectsBenchmark.writerTell","avgt",1,10,25.048921,3.325930,"us/op",,1000,,
"okay.core.EffectsBenchmark.writerTell:gc.alloc.rate","avgt",1,10,9889.935417,1289.271479,"MB/sec",,1000,,
"okay.core.EffectsBenchmark.writerTell:gc.alloc.rate.norm","avgt",1,10,258122.579389,7.970522,"B/op",,1000,,
"okay.core.EffectsBenchmark.writerTell:gc.count","avgt",1,10,62.000000,NaN,"counts",,1000,,
"okay.core.EffectsBenchmark.writerTell:gc.time","avgt",1,10,155.000000,NaN,"ms",,1000,,
"okay.core.FibBenchmark.fibCollect","avgt",1,10,168.445147,37.290767,"us/op",,10000,,
"okay.core.FibBenchmark.fibCollect:gc.alloc.rate","avgt",1,10,9199.686388,1747.472159,"MB/sec",,10000,,
"okay.core.FibBenchmark.fibCollect:gc.alloc.rate.norm","avgt",1,10,1599737.181072,0.262956,"B/op",,10000,,
"okay.core.FibBenchmark.fibCollect:gc.count","avgt",1,10,57.000000,NaN,"counts",,10000,,
"okay.core.FibBenchmark.fibCollect:gc.time","avgt",1,10,278.000000,NaN,"ms",,10000,,
"okay.core.FibBenchmark.fibGenerate","avgt",1,10,236.585582,76.151553,"us/op",,10000,,
"okay.core.FibBenchmark.fibGenerate:gc.alloc.rate","avgt",1,10,9287.927987,2160.557319,"MB/sec",,10000,,
"okay.core.FibBenchmark.fibGenerate:gc.alloc.rate.norm","avgt",1,10,2239793.654703,0.526385,"B/op",,10000,,
"okay.core.FibBenchmark.fibGenerate:gc.count","avgt",1,10,43.000000,NaN,"counts",,10000,,
"okay.core.FibBenchmark.fibGenerate:gc.time","avgt",1,10,282.000000,NaN,"ms",,10000,,
"okay.core.FibBenchmark.fibIterator","avgt",1,10,74.983717,14.013392,"us/op",,10000,,
"okay.core.FibBenchmark.fibIterator:gc.alloc.rate","avgt",1,10,12363.774881,2316.817426,"MB/sec",,10000,,
"okay.core.FibBenchmark.fibIterator:gc.alloc.rate.norm","avgt",1,10,959266.713633,49.361195,"B/op",,10000,,
"okay.core.FibBenchmark.fibIterator:gc.count","avgt",1,10,140.000000,NaN,"counts",,10000,,
"okay.core.FibBenchmark.fibIterator:gc.time","avgt",1,10,101.000000,NaN,"ms",,10000,,
"okay.core.FibBenchmark.fibPure","avgt",1,10,42.240436,0.303827,"us/op",,10000,,
"okay.core.FibBenchmark.fibPure:gc.alloc.rate","avgt",1,10,19867.231583,143.336316,"MB/sec",,10000,,
"okay.core.FibBenchmark.fibPure:gc.alloc.rate.norm","avgt",1,10,880056.297769,0.004043,"B/op",,10000,,
"okay.core.FibBenchmark.fibPure:gc.count","avgt",1,10,308.000000,NaN,"counts",,10000,,
"okay.core.FibBenchmark.fibPure:gc.time","avgt",1,10,115.000000,NaN,"ms",,10000,,
"okay.core.QueensBenchmark.queens","avgt",1,10,533.917989,18.788415,"us/op",,,,8
"okay.core.QueensBenchmark.queens:gc.alloc.rate","avgt",1,10,9374.068731,329.519519,"MB/sec",,,,8
"okay.core.QueensBenchmark.queens:gc.alloc.rate.norm","avgt",1,10,5246332.212396,2.227551,"B/op",,,,8
"okay.core.QueensBenchmark.queens:gc.count","avgt",1,10,173.000000,NaN,"counts",,,,8
"okay.core.QueensBenchmark.queens:gc.time","avgt",1,10,77.000000,NaN,"ms",,,,8
